Order_ID,Order_Date,Region,Category,Product,Quantity,Sales
ORD001,2026-01-16,South,Furniture,Chair,1,498.71
ORD002,2026-06-07,South,Electronics,Mobile,2,1476.57
ORD003,2026-02-10,North,Furniture,Desk,7,5017.77
ORD004,2026-05-20,North,Electronics,Headphones,7,6312.14
ORD005,2026-04-11,East,Clothing,Jeans,2,1851.99
ORD006,2026-06-03,South,Furniture,Table,7,1850.58
ORD007,2026-02-01,North,Furniture,Table,5,795.03
ORD008,2026-06-01,South,Furniture,Desk,9,5856.74
ORD009,2026-01-16,North,Clothing,Jeans,3,1111.89
ORD010,2026-05-26,North,Stationery,Marker,8,5309.27
ORD011,2026-04-07,North,Furniture,Desk,9,7111.73
ORD012,2026-03-30,West,Electronics,Laptop,3,1099.1
ORD013,2026-03-30,North,Clothing,Shoes,7,1288.8
ORD014,2026-04-23,East,Clothing,Shoes,1,492.72
ORD015,2026-04-19,South,Furniture,Bookshelf,9,2936.13
ORD016,2026-02-20,West,Furniture,Table,9,5680.63
ORD017,2026-01-24,North,Furniture,Desk,4,687.25
ORD018,2026-01-15,East,Electronics,Laptop,4,543.85
ORD019,2026-06-03,East,Furniture,Table,1,411.71
ORD020,2026-02-11,South,Electronics,Mobile,3,1427.27
ORD021,2026-05-09,North,Furniture,Chair,6,2015.96
ORD022,2026-01-23,North,Electronics,Tablet,1,317.87
ORD023,2026-06-05,West,Clothing,Shoes,3,2318.47
ORD024,2026-02-18,East,Furniture,Bookshelf,6,2434.42
ORD025,2026-06-15,South,Stationery,Marker,6,5112.08
ORD026,2026-03-15,North,Stationery,Notebook,9,3631.79
ORD027,2026-05-17,East,Stationery,Marker,6,3764.52
ORD028,2026-05-04,South,Stationery,Bag,2,1122.2
ORD029,2026-01-05,South,Furniture,Table,8,2260.18
ORD030,2026-01-10,West,Stationery,Marker,8,7177.96
ORD031,2026-06-08,South,Stationery,Notebook,7,6917.4
ORD032,2026-05-18,East,Electronics,Tablet,3,698.57
ORD033,2026-05-22,East,Furniture,Bookshelf,5,4773.51
ORD034,2026-02-12,North,Stationery,Notebook,3,1232.32
ORD035,2026-03-28,West,Electronics,Tablet,6,4619.2
ORD036,2026-02-14,East,Clothing,Shirt,2,1210.8
ORD037,2026-03-25,East,Furniture,Bookshelf,6,1617.55
ORD038,2026-05-15,West,Stationery,Marker,3,1486.93
ORD039,2026-04-28,East,Electronics,Mobile,5,4256.96
ORD040,2026-02-08,North,Furniture,Chair,5,1070.93
ORD041,2026-02-28,West,Electronics,Headphones,2,255.23
ORD042,2026-04-17,South,Stationery,Marker,6,2520.14
ORD043,2026-04-15,East,Electronics,Mobile,4,3217.77
ORD044,2026-06-28,South,Stationery,Pen,4,2616.65
ORD045,2026-05-25,North,Stationery,Bag,5,576.63
ORD046,2026-05-01,South,Furniture,Bookshelf,4,452.69
ORD047,2026-01-20,East,Furniture,Desk,2,950.42
ORD048,2026-06-08,North,Electronics,Headphones,6,4465.49
ORD049,2026-01-14,South,Electronics,Laptop,4,996.82
ORD050,2026-06-16,North,Stationery,Notebook,6,2496.55
ORD051,2026-03-31,North,Stationery,Marker,1,454.08
ORD052,2026-01-03,East,Stationery,Marker,2,1692.92
ORD053,2026-04-17,East,Stationery,Pen,8,3397.69
ORD054,2026-06-20,North,Furniture,Bookshelf,8,7031.98
ORD055,2026-02-28,East,Electronics,Tablet,1,162.13
ORD056,2026-05-02,North,Stationery,Pen,4,868.76
ORD057,2026-05-16,East,Furniture,Table,9,1699.23
ORD058,2026-06-05,East,Clothing,Shirt,1,814.88
ORD059,2026-04-01,West,Furniture,Chair,1,210.26
ORD060,2026-02-18,South,Stationery,Marker,9,1210.97
ORD061,2026-02-01,South,Stationery,Bag,6,708.98
ORD062,2026-06-24,North,Furniture,Bookshelf,5,1197.34
ORD063,2026-04-08,East,Furniture,Table,3,1293.67
ORD064,2026-03-08,East,Clothing,Jeans,6,4010.08
ORD065,2026-05-07,West,Furniture,Table,8,7557.3
ORD066,2026-03-22,West,Electronics,Headphones,7,3124.51
ORD067,2026-03-12,East,Furniture,Desk,2,547.86
ORD068,2026-01-26,North,Furniture,Bookshelf,7,5915.79
ORD069,2026-04-01,North,Clothing,Jeans,9,7329.33
ORD070,2026-01-15,West,Stationery,Notebook,4,3382.71
ORD071,2026-03-09,West,Furniture,Desk,6,2362.41
ORD072,2026-02-20,East,Electronics,Headphones,3,1369.52
ORD073,2026-03-23,North,Electronics,Tablet,7,1149.02
ORD074,2026-02-28,South,Stationery,Notebook,8,6300.51
ORD075,2026-06-12,East,Furniture,Table,8,5126.87
ORD076,2026-03-05,North,Clothing,Jacket,8,5208.13
ORD077,2026-06-12,West,Clothing,Shoes,6,5797.65
ORD078,2026-05-03,South,Clothing,Jacket,6,3346.91
ORD079,2026-06-16,West,Stationery,Notebook,1,813.94
ORD080,2026-05-25,South,Furniture,Table,3,1398.23
ORD081,2026-02-20,East,Electronics,Laptop,9,1065.48
ORD082,2026-03-30,South,Clothing,Shoes,9,6569.14
ORD083,2026-04-05,North,Clothing,Jacket,2,1367.0
ORD084,2026-05-22,North,Electronics,Headphones,9,2198.82
ORD085,2026-03-12,South,Stationery,Pen,7,5195.39
ORD086,2026-01-03,South,Stationery,Pen,5,2825.55
ORD087,2026-02-28,East,Furniture,Chair,1,348.47
ORD088,2026-06-16,West,Electronics,Tablet,5,1083.1
ORD089,2026-04-27,North,Stationery,Bag,8,2378.09
ORD090,2026-03-28,South,Furniture,Chair,4,951.51
ORD091,2026-01-27,North,Stationery,Bag,4,714.97
ORD092,2026-03-03,South,Furniture,Table,7,1248.91
ORD093,2026-01-04,West,Stationery,Bag,5,3491.83
ORD094,2026-05-17,West,Clothing,Jacket,9,5488.79
ORD095,2026-05-16,North,Furniture,Chair,9,5011.8
ORD096,2026-01-22,South,Electronics,Tablet,8,4235.99
ORD097,2026-06-10,East,Stationery,Pen,8,6084.04
ORD098,2026-04-10,West,Electronics,Tablet,2,1206.43
ORD099,2026-05-27,West,Electronics,Mobile,5,587.06
ORD100,2026-04-08,South,Furniture,Bookshelf,4,1697.75
